condition,agent,block,cumulative_perceived_reward
healthy,1,1,1040.7786859006237
healthy,1,2,450.23617083943935
healthy,1,3,939.7205335699904
healthy,1,4,1156.9658553162208
healthy,1,5,1482.2285590561173
healthy,2,1,1042.0387786563983
healthy,2,2,442.8853352196068
healthy,2,3,934.2296386699475
healthy,2,4,1151.4157658380514
healthy,2,5,1476.2010826361677
healthy,3,1,1052.9865074086501
healthy,3,2,446.7290381666215
healthy,3,3,935.0717236195069
healthy,3,4,1150.426584279188
healthy,3,5,1469.094223737195
healthy,4,1,1049.8985629657514
healthy,4,2,463.06465579942085
healthy,4,3,941.0188579069791
healthy,4,4,1156.8700451673935
healthy,4,5,1488.6410380067146
healthy,5,1,1048.8599968035073
healthy,5,2,454.7228340804847
healthy,5,3,944.6909174922596
healthy,5,4,1145.9300256504803
healthy,5,5,1473.063174788805
healthy,6,1,1044.962988374713
healthy,6,2,469.97866312958666
healthy,6,3,955.1227953819462
healthy,6,4,1164.8231558192206
healthy,6,5,1502.6917994534845
healthy,7,1,1043.0119640402222
healthy,7,2,452.106849764041
healthy,7,3,936.508399632482
healthy,7,4,1153.1520567987245
healthy,7,5,1478.9952476460696
healthy,8,1,1049.2820552393534
healthy,8,2,452.7660402793005
healthy,8,3,939.183046169254
healthy,8,4,1150.50414948501
healthy,8,5,1486.5802855505049
healthy,9,1,1040.6916597171517
healthy,9,2,426.46827408329756
healthy,9,3,908.2343102365596
healthy,9,4,1133.7815269807545
healthy,9,5,1460.6533215250722
healthy,10,1,1047.5199813633283
healthy,10,2,466.7829462656679
healthy,10,3,952.7042845959364
healthy,10,4,1172.921231649107
healthy,10,5,1499.97175509342
healthy,11,1,1049.4020232799612
healthy,11,2,451.4740120007633
healthy,11,3,942.2684039927711
healthy,11,4,1175.1850511165087
healthy,11,5,1495.7751967950073
healthy,12,1,1041.1517918770019
healthy,12,2,463.8199514956249
healthy,12,3,945.7502675848509
healthy,12,4,1169.4003840182445
healthy,12,5,1494.302130962933
healthy,13,1,1046.7998961320643
healthy,13,2,467.5779709229786
healthy,13,3,943.2667668160263
healthy,13,4,1154.9316539321803
healthy,13,5,1482.0555635771568
healthy,14,1,1042.9707295591509
healthy,14,2,459.9641768289607
healthy,14,3,938.8916150852208
healthy,14,4,1163.852824303364
healthy,14,5,1507.9752793608238
healthy,15,1,1052.388509565812
healthy,15,2,463.9196864658491
healthy,15,3,950.0032147543965
healthy,15,4,1160.3257060240153
healthy,15,5,1492.5722840653516
healthy,16,1,1035.9238570259154
healthy,16,2,432.9894511922224
healthy,16,3,913.3800325401426
healthy,16,4,1135.6523546458063
healthy,16,5,1456.5211742357633
healthy,17,1,1045.4459167228022
healthy,17,2,463.85613315744587
healthy,17,3,953.5331864165457
healthy,17,4,1169.0264864561966
healthy,17,5,1489.2287461761298
healthy,18,1,1051.0032879845835
healthy,18,2,457.95059866079356
healthy,18,3,946.1368348114605
healthy,18,4,1154.6337252133665
healthy,18,5,1481.9416590612148
healthy,19,1,1050.3561321374134
healthy,19,2,452.8317161158843
healthy,19,3,944.4285835980705
healthy,19,4,1157.6769586162015
healthy,19,5,1498.275585444805
healthy,20,1,1042.0849616905855
healthy,20,2,458.3499089978338
healthy,20,3,938.0927122228974
healthy,20,4,1154.4332723151103
healthy,20,5,1500.4950564920314
healthy,21,1,1050.7902242181524
healthy,21,2,464.4362190480826
healthy,21,3,952.0225515446782
healthy,21,4,1179.8470492243991
healthy,21,5,1511.6716550387089
healthy,22,1,1052.179314150128
healthy,22,2,457.5912432384198
healthy,22,3,948.3354062045743
healthy,22,4,1158.0467429546864
healthy,22,5,1491.6983375543277
healthy,23,1,1051.980671559008
healthy,23,2,468.3134051863184
healthy,23,3,946.5763402004465
healthy,23,4,1165.1401283310656
healthy,23,5,1501.8952518257872
healthy,24,1,1052.4436476517044
healthy,24,2,456.73655324975226
healthy,24,3,938.3362481731938
healthy,24,4,1155.7789896259858
healthy,24,5,1486.4877209605525
healthy,25,1,1045.5582459874806
healthy,25,2,470.52093533315053
healthy,25,3,947.9641143237055
healthy,25,4,1171.6535015059521
healthy,25,5,1505.1505870884089
healthy,26,1,1054.2281572024172
healthy,26,2,463.38497581126387
healthy,26,3,954.6071152173165
healthy,26,4,1164.286488612392
healthy,26,5,1497.8525190552623
healthy,27,1,1041.0108114590157
healthy,27,2,456.57499867074796
healthy,27,3,948.5331300249627
healthy,27,4,1178.8412196237687
healthy,27,5,1505.0504368873649
healthy,28,1,1046.6083819627167
healthy,28,2,451.81824688817176
healthy,28,3,935.2611965340251
healthy,28,4,1162.5475144810696
healthy,28,5,1485.8842093056392
healthy,29,1,1050.9333575031321
healthy,29,2,464.28186012841724
healthy,29,3,952.7763259925225
healthy,29,4,1174.1781955055471
healthy,29,5,1520.7914074016837
healthy,30,1,1045.9685128112574
healthy,30,2,453.86397415802975
healthy,30,3,942.7779749991965
healthy,30,4,1162.4270612530413
healthy,30,5,1481.2609054147852
healthy,31,1,1046.2204700084767
healthy,31,2,452.690261377138
healthy,31,3,932.8230968758651
healthy,31,4,1149.9797646927846
healthy,31,5,1487.6126326520116
healthy,32,1,1049.0119185554527
healthy,32,2,463.89085792556887
healthy,32,3,946.0932971976918
healthy,32,4,1165.5295999786024
healthy,32,5,1491.0495368222876
healthy,33,1,1053.3970737215143
healthy,33,2,461.1575021460354
healthy,33,3,963.4196231502792
healthy,33,4,1197.1477156860574
healthy,33,5,1513.1784989431883
healthy,34,1,1046.9538065908405
healthy,34,2,451.7480825299388
healthy,34,3,943.6986476286638
healthy,34,4,1160.4837102064516
healthy,34,5,1484.7280914552975
healthy,35,1,1052.576225771691
healthy,35,2,477.3290932779361
healthy,35,3,960.0595425479432
healthy,35,4,1189.0784753781008
healthy,35,5,1512.589084430979
healthy,36,1,1043.245903287097
healthy,36,2,454.2602917038995
healthy,36,3,942.3349090186279
healthy,36,4,1174.7163869690273
healthy,36,5,1502.2610956141903
healthy,37,1,1044.979393410667
healthy,37,2,450.79080237261934
healthy,37,3,931.9901472316918
healthy,37,4,1145.006224412371
healthy,37,5,1470.890680295178
healthy,38,1,1052.8131688585565
healthy,38,2,460.82054899069743
healthy,38,3,948.084813586767
healthy,38,4,1173.7594020648814
healthy,38,5,1497.517526146618
healthy,39,1,1046.9090117543951
healthy,39,2,448.6499345989785
healthy,39,3,929.7271059915377
healthy,39,4,1140.4460425930777
healthy,39,5,1456.1519637299739
healthy,40,1,1049.0615098347387
healthy,40,2,449.0068886849746
healthy,40,3,932.5679983457776
healthy,40,4,1146.082162796794
healthy,40,5,1478.8953805861731
healthy,41,1,1042.808921634841
healthy,41,2,457.47655344822516
healthy,41,3,948.3790291774487
healthy,41,4,1166.205360066821
healthy,41,5,1490.4115461788008
healthy,42,1,1042.9916757259089
healthy,42,2,454.11749681907
healthy,42,3,927.0976357694151
healthy,42,4,1140.8202189168073
healthy,42,5,1465.6673084895135
healthy,43,1,1048.4383627696293
healthy,43,2,456.2707771158986
healthy,43,3,947.1995234069049
healthy,43,4,1165.859269847389
healthy,43,5,1493.788279831008
healthy,44,1,1047.9741709106265
healthy,44,2,465.1147396670449
healthy,44,3,951.49490424384
healthy,44,4,1165.5932611833236
healthy,44,5,1490.1385266686889
healthy,45,1,1042.8302954062374
healthy,45,2,441.01704205259995
healthy,45,3,933.6099869824086
healthy,45,4,1156.2034156005834
healthy,45,5,1494.441924887353
healthy,46,1,1053.6900892406481
healthy,46,2,476.5177828746412
healthy,46,3,965.661782545482
healthy,46,4,1186.5161460942818
healthy,46,5,1521.0674124212248
healthy,47,1,1051.7072684876712
healthy,47,2,461.2819809456026
healthy,47,3,955.6289337561033
healthy,47,4,1176.3031464252215
healthy,47,5,1507.7340725982642
healthy,48,1,1046.2127185609497
healthy,48,2,468.0743035372351
healthy,48,3,949.6890002388234
healthy,48,4,1163.1520743381018
healthy,48,5,1491.9434323688674
healthy,49,1,1049.8967669461376
healthy,49,2,480.42203819368086
healthy,49,3,965.4574906412876
healthy,49,4,1180.2908561486688
healthy,49,5,1513.1264848163542
healthy,50,1,1044.2467300270825
healthy,50,2,479.5758351710131
healthy,50,3,963.1732355390693
healthy,50,4,1183.2606194940236
healthy,50,5,1519.767559915987
depleted,1,1,95.00898253953692
depleted,1,2,231.35888105860195
depleted,1,3,345.5091484282567
depleted,1,4,471.9744512822534
depleted,1,5,614.0167794138399
depleted,2,1,95.60025527128809
depleted,2,2,230.4083224705576
depleted,2,3,344.18025079847405
depleted,2,4,472.29268485199765
depleted,2,5,614.736364525014
depleted,3,1,95.91840880691997
depleted,3,2,230.35904264129198
depleted,3,3,344.6726653229934
depleted,3,4,472.1354495761051
depleted,3,5,613.0491720848412
depleted,4,1,96.31438076365001
depleted,4,2,231.8069277118815
depleted,4,3,345.2131964178618
depleted,4,4,472.40054181974773
depleted,4,5,613.6942042155872
depleted,5,1,94.94542279604772
depleted,5,2,231.34377731487612
depleted,5,3,345.37736684341314
depleted,5,4,473.2469793081068
depleted,5,5,614.3352124196873
depleted,6,1,94.87152662478941
depleted,6,2,228.41877787068265
depleted,6,3,344.75884988527883
depleted,6,4,473.8924838232856
depleted,6,5,614.656045274001
depleted,7,1,95.30326832217408
depleted,7,2,231.75223159836315
depleted,7,3,346.2609924609937
depleted,7,4,474.46773108628577
depleted,7,5,616.6343923250441
depleted,8,1,94.63158068220022
depleted,8,2,229.2374116566316
depleted,8,3,342.410378152537
depleted,8,4,469.6718479395214
depleted,8,5,609.9676932814025
depleted,9,1,94.48403772351989
depleted,9,2,229.60794256860322
depleted,9,3,343.11382250193316
depleted,9,4,471.57227655731424
depleted,9,5,612.9963108111411
depleted,10,1,95.17790768067887
depleted,10,2,230.39683129494446
depleted,10,3,343.7762469786172
depleted,10,4,472.13407410203
depleted,10,5,614.8679681086209
depleted,11,1,94.25001779179347
depleted,11,2,229.72918767606225
depleted,11,3,343.86356900327496
depleted,11,4,471.58801535353143
depleted,11,5,614.2498231498853
depleted,12,1,94.62343781165141
depleted,12,2,228.76494268973488
depleted,12,3,342.26570178249165
depleted,12,4,470.33758361224835
depleted,12,5,611.3235392570974
depleted,13,1,95.68152893665918
depleted,13,2,228.2993307964926
depleted,13,3,343.7222744755193
depleted,13,4,470.95716153570754
depleted,13,5,612.1220576502134
depleted,14,1,94.15720931470182
depleted,14,2,230.28653038787115
depleted,14,3,344.3927248942518
depleted,14,4,472.69321204036123
depleted,14,5,614.5170482574207
depleted,15,1,93.99133246839547
depleted,15,2,228.54723265459455
depleted,15,3,341.5309822306273
depleted,15,4,469.39348444857717
depleted,15,5,609.5007117176622
depleted,16,1,95.80042373790442
depleted,16,2,229.24702459829533
depleted,16,3,344.95395866134106
depleted,16,4,473.4730990151678
depleted,16,5,614.5084829426514
depleted,17,1,95.31315341420813
depleted,17,2,231.33682303744234
depleted,17,3,345.36168162699073
depleted,17,4,473.72980999957224
depleted,17,5,615.6935310129165
depleted,18,1,94.55693279555098
depleted,18,2,230.41129610017802
depleted,18,3,343.82359776776417
depleted,18,4,471.8439123551407
depleted,18,5,613.5934577149746
depleted,19,1,94.65814498918783
depleted,19,2,230.09316647012733
depleted,19,3,343.35313014472024
depleted,19,4,471.284876311212
depleted,19,5,611.7980282466204
depleted,20,1,94.65876504078177
depleted,20,2,227.89730273152446
depleted,20,3,343.5631136067526
depleted,20,4,471.80770825963356
depleted,20,5,611.8924761017935
depleted,21,1,93.64691281312368
depleted,21,2,228.5941709141734
depleted,21,3,343.5048163559471
depleted,21,4,471.41790963715056
depleted,21,5,613.0489232395098
depleted,22,1,94.65587599832409
depleted,22,2,230.13958782019887
depleted,22,3,344.2796430137412
depleted,22,4,471.76504413652884
depleted,22,5,612.9353952745694
depleted,23,1,95.04306554477225
depleted,23,2,228.83444005544578
depleted,23,3,344.7221911507087
depleted,23,4,472.1453015530803
depleted,23,5,613.2297340089565
depleted,24,1,93.9955456649819
depleted,24,2,228.93334213914073
depleted,24,3,341.9017904130626
depleted,24,4,469.578509832676
depleted,24,5,610.0343593338537
depleted,25,1,95.45649357183137
depleted,25,2,229.31549799414793
depleted,25,3,343.64869502374756
depleted,25,4,471.2875103249735
depleted,25,5,612.4247513945627
depleted,26,1,95.2655188954192
depleted,26,2,229.6406258573847
depleted,26,3,343.41845046451766
depleted,26,4,471.2607022990921
depleted,26,5,611.7670383898314
depleted,27,1,94.63233867115882
depleted,27,2,230.06295526771152
depleted,27,3,343.2705335934419
depleted,27,4,470.18669045444574
depleted,27,5,610.5246807659304
depleted,28,1,95.39426194291069
depleted,28,2,230.41590638767852
depleted,28,3,343.43340180081395
depleted,28,4,471.81228683001865
depleted,28,5,612.0460738507734
depleted,29,1,95.14638824862706
depleted,29,2,229.45913841817986
depleted,29,3,342.70191024551593
depleted,29,4,469.6830762935906
depleted,29,5,610.740408112416
depleted,30,1,94.36288256541975
depleted,30,2,230.07143352059012
depleted,30,3,343.7667099694732
depleted,30,4,471.89518205711363
depleted,30,5,613.2024487700371
depleted,31,1,95.47400014327143
depleted,31,2,231.62514632965235
depleted,31,3,345.65628890121314
depleted,31,4,473.3179612753428
depleted,31,5,614.905888721797
depleted,32,1,94.86421089044316
depleted,32,2,230.83726391301775
depleted,32,3,345.23728706044545
depleted,32,4,472.6827384419206
depleted,32,5,614.7371242681454
depleted,33,1,94.38854160010791
depleted,33,2,228.77943852254717
depleted,33,3,343.12269154342175
depleted,33,4,471.2160568110192
depleted,33,5,611.9751773832829
depleted,34,1,94.97720770065771
depleted,34,2,228.2363196652535
depleted,34,3,344.0742737893428
depleted,34,4,471.30622670904575
depleted,34,5,612.2825750007876
depleted,35,1,94.40917450692112
depleted,35,2,229.8039567748912
depleted,35,3,343.8947637112125
depleted,35,4,472.0786047250593
depleted,35,5,613.3453091502935
depleted,36,1,95.1898027869914
depleted,36,2,230.75959105765565
depleted,36,3,343.6846784380487
depleted,36,4,470.2434854430635
depleted,36,5,611.4443184457684
depleted,37,1,93.49864220505711
depleted,37,2,228.37003473717095
depleted,37,3,341.8300768048275
depleted,37,4,468.54947225433517
depleted,37,5,609.5108972446628
depleted,38,1,94.73802072576514
depleted,38,2,228.7420518350103
depleted,38,3,344.3714461683643
depleted,38,4,471.5197829524783
depleted,38,5,612.3950510800438
depleted,39,1,94.00958026299035
depleted,39,2,228.48488708787718
depleted,39,3,342.0466386500376
depleted,39,4,469.3570175071371
depleted,39,5,609.957719231774
depleted,40,1,94.19988373469917
depleted,40,2,229.63234000289086
depleted,40,3,342.80232596079225
depleted,40,4,470.5404646408744
depleted,40,5,611.7850921029501
depleted,41,1,94.53852559753412
depleted,41,2,229.7474374345959
depleted,41,3,343.6646807890741
depleted,41,4,471.2486726573681
depleted,41,5,612.4513785112359
depleted,42,1,95.40379238106343
depleted,42,2,230.70130826820915
depleted,42,3,344.18534340363067
depleted,42,4,471.835634844614
depleted,42,5,613.8581767926682
depleted,43,1,94.01989634268679
depleted,43,2,230.86227455111072
depleted,43,3,343.95395474620983
depleted,43,4,470.7145849276875
depleted,43,5,611.974044320612
depleted,44,1,94.93747075253313
depleted,44,2,229.8390528831315
depleted,44,3,342.74367444516616
depleted,44,4,470.4733847307856
depleted,44,5,612.2218371803345
depleted,45,1,95.08743046106989
depleted,45,2,231.29466580252807
depleted,45,3,345.76173686194136
depleted,45,4,472.97657615534143
depleted,45,5,614.4583515902593
depleted,46,1,94.61000087881848
depleted,46,2,230.589556163062
depleted,46,3,344.132905812466
depleted,46,4,471.7281265666537
depleted,46,5,612.5250093741869
depleted,47,1,95.47020617399478
depleted,47,2,229.94700737986878
depleted,47,3,343.9864355033501
depleted,47,4,471.3774125546671
depleted,47,5,612.6401619722463
depleted,48,1,95.08003151806568
depleted,48,2,230.5940980958348
depleted,48,3,345.1222234740614
depleted,48,4,472.38796229962355
depleted,48,5,613.4681226453117
depleted,49,1,94.41177868031164
depleted,49,2,229.9088817136124
depleted,49,3,343.6730006229585
depleted,49,4,471.35347930357767
depleted,49,5,612.0893704583806
depleted,50,1,94.97929755445882
depleted,50,2,229.7306311394247
depleted,50,3,343.34447129404737
depleted,50,4,471.32902454850756
depleted,50,5,612.652416128926
overactive,1,1,1067.2923525639849
overactive,1,2,137.43898046683177
overactive,1,3,803.3000303701695
overactive,1,4,994.4915137512138
overactive,1,5,1018.2310512072529
overactive,2,1,1055.9839577556138
overactive,2,2,152.90197744133053
overactive,2,3,836.2718793292834
overactive,2,4,1022.9985877449793
overactive,2,5,1032.5625175882537
overactive,3,1,1047.3195448585234
overactive,3,2,119.47138188332426
overactive,3,3,816.242503811986
overactive,3,4,989.605796257684
overactive,3,5,995.8291594100403
overactive,4,1,1072.2825079968748
overactive,4,2,142.37054960966316
overactive,4,3,814.2157473266511
overactive,4,4,979.0646208788221
overactive,4,5,1003.6207102065009
overactive,5,1,1052.2000070682875
overactive,5,2,114.97233583482118
overactive,5,3,812.6978962484742
overactive,5,4,998.0480922427307
overactive,5,5,1025.1965165104152
overactive,6,1,1062.6211507149646
overactive,6,2,128.0360307634955
overactive,6,3,823.9762621329035
overactive,6,4,1016.5792456300775
overactive,6,5,1035.3191429807082
overactive,7,1,1060.8351481253903
overactive,7,2,130.05578061735378
overactive,7,3,809.7895456137669
overactive,7,4,981.4558812252828
overactive,7,5,980.1282939511891
overactive,8,1,1048.374701279326
overactive,8,2,137.41637021342171
overactive,8,3,829.1233128739947
overactive,8,4,1030.136933508367
overactive,8,5,1040.833699332631
overactive,9,1,1058.208568832189
overactive,9,2,183.14492670017117
overactive,9,3,888.430270765935
overactive,9,4,1084.1923525091177
overactive,9,5,1126.2776950339246
overactive,10,1,1068.6830837877774
overactive,10,2,148.40896290237862
overactive,10,3,835.3882263187654
overactive,10,4,1007.5774054288491
overactive,10,5,1019.3339090441256
overactive,11,1,1070.0832694254216
overactive,11,2,146.50829116171735
overactive,11,3,825.2790848541584
overactive,11,4,1001.9659610014542
overactive,11,5,989.2294699025337
overactive,12,1,1057.3399707076846
overactive,12,2,151.1763299729405
overactive,12,3,875.5984069101703
overactive,12,4,1043.6654636473936
overactive,12,5,1074.679919676279
overactive,13,1,1071.3344545712396
overactive,13,2,192.84547133845396
overactive,13,3,881.3925612998221
overactive,13,4,1070.5481374224955
overactive,13,5,1071.8021882867617
overactive,14,1,1065.1866345128597
overactive,14,2,155.21704588731828
overactive,14,3,850.9728315232958
overactive,14,4,1053.3447444000994
overactive,14,5,1072.9042388344787
overactive,15,1,1077.5967753911468
overactive,15,2,191.90367840491808
overactive,15,3,879.4340387387028
overactive,15,4,1036.294229433271
overactive,15,5,1048.4439008232914
overactive,16,1,1055.9555550836817
overactive,16,2,162.67724360787662
overactive,16,3,865.4603723463888
overactive,16,4,1049.7163401955345
overactive,16,5,1088.2039457477053
overactive,17,1,1071.6215618681763
overactive,17,2,138.12905719243827
overactive,17,3,810.1374321746603
overactive,17,4,991.3293779537426
overactive,17,5,1004.2532215279982
overactive,18,1,1059.8159134094326
overactive,18,2,156.49592084283822
overactive,18,3,853.4981896234136
overactive,18,4,1075.1480168093635
overactive,18,5,1082.7790006087403
overactive,19,1,1065.233572920506
overactive,19,2,160.31572318336075
overactive,19,3,838.3940058715901
overactive,19,4,1033.0980731190468
overactive,19,5,1030.519964110798
overactive,20,1,1065.2038775950482
overactive,20,2,177.6210643866466
overactive,20,3,862.5231336654921
overactive,20,4,1057.360660591403
overactive,20,5,1077.975741219252
overactive,21,1,1067.3339319686688
overactive,21,2,153.32349261631117
overactive,21,3,824.4115733857427
overactive,21,4,984.7657404653825
overactive,21,5,1010.151916599596
overactive,22,1,1063.002978546954
overactive,22,2,146.2055538332354
overactive,22,3,826.8220442537616
overactive,22,4,1006.1531218910147
overactive,22,5,1016.0537761163969
overactive,23,1,1067.7233464178732
overactive,23,2,140.61097510446902
overactive,23,3,843.3565465634772
overactive,23,4,1043.7484800843945
overactive,23,5,1082.4775269365641
overactive,24,1,1047.1514028624574
overactive,24,2,128.40841036734872
overactive,24,3,826.4044953843326
overactive,24,4,987.1229664921226
overactive,24,5,1022.0965436566783
overactive,25,1,1047.2506353008948
overactive,25,2,116.71548877410001
overactive,25,3,803.6459682511183
overactive,25,4,981.5662080845366
overactive,25,5,986.371833769748
overactive,26,1,1052.0521961916306
overactive,26,2,132.55647817080973
overactive,26,3,824.1933773284967
overactive,26,4,989.1868592436124
overactive,26,5,1006.6255777488453
overactive,27,1,1066.7260315157225
overactive,27,2,187.42497084435325
overactive,27,3,869.288260821528
overactive,27,4,1032.0442627125765
overactive,27,5,1019.2453867901419
overactive,28,1,1068.7499939947813
overactive,28,2,166.49115755663723
overactive,28,3,848.5663561100458
overactive,28,4,1009.347533324958
overactive,28,5,1008.725037131114
overactive,29,1,1061.6671203627297
overactive,29,2,132.6767009549701
overactive,29,3,820.1956710444987
overactive,29,4,975.6024701856459
overactive,29,5,992.3745174581721
overactive,30,1,1058.3180921836947
overactive,30,2,154.5291365353251
overactive,30,3,838.4627490775829
overactive,30,4,1006.8501506030398
overactive,30,5,1054.6869976631342
overactive,31,1,1057.7740224350023
overactive,31,2,117.59307966242079
overactive,31,3,795.9634162137199
overactive,31,4,981.1838944841702
overactive,31,5,1001.0813401378639
overactive,32,1,1067.1463290112529
overactive,32,2,177.72319792633988
overactive,32,3,866.3617079957318
overactive,32,4,1048.7905674701346
overactive,32,5,1063.7183934151499
overactive,33,1,1056.3633431296369
overactive,33,2,133.32513796871405
overactive,33,3,806.685622564102
overactive,33,4,987.1219130361766
overactive,33,5,992.2596009849983
overactive,34,1,1061.7836346150177
overactive,34,2,147.6140709401126
overactive,34,3,835.1768289361775
overactive,34,4,1024.586168274489
overactive,34,5,1072.70978138256
overactive,35,1,1065.4252247839145
overactive,35,2,123.96374033566308
overactive,35,3,816.5475753531034
overactive,35,4,985.0334636123265
overactive,35,5,992.1753961599054
overactive,36,1,1058.6272661268072
overactive,36,2,146.7544851644109
overactive,36,3,815.9776963417049
overactive,36,4,1009.5132565123242
overactive,36,5,1014.7521123661918
overactive,37,1,1082.8378691296646
overactive,37,2,147.5112897167988
overactive,37,3,814.8382817024265
overactive,37,4,991.3680146496303
overactive,37,5,983.9785955600203
overactive,38,1,1060.7998355445402
overactive,38,2,194.26945084862268
overactive,38,3,858.5650166038719
overactive,38,4,1048.3254704282413
overactive,38,5,1059.0589337262484
overactive,39,1,1062.5976978927931
overactive,39,2,174.43670543403493
overactive,39,3,877.8100668584763
overactive,39,4,1061.3024733548325
overactive,39,5,1068.0222287754395
overactive,40,1,1063.0829049794545
overactive,40,2,115.207835441917
overactive,40,3,810.9723637185796
overactive,40,4,993.7976828598123
overactive,40,5,994.1152799378594
overactive,41,1,1051.4985512908602
overactive,41,2,158.44502227445258
overactive,41,3,843.4337610673267
overactive,41,4,1041.749092077457
overactive,41,5,1018.7403047208402
overactive,42,1,1064.945494228004
overactive,42,2,156.81048736776182
overactive,42,3,843.42827707255
overactive,42,4,1058.8266936110338
overactive,42,5,1084.2616235510523
overactive,43,1,1071.0931693111338
overactive,43,2,153.99131972959702
overactive,43,3,854.8055631106829
overactive,43,4,1067.7090101238205
overactive,43,5,1106.5315188440775
overactive,44,1,1064.5949138469152
overactive,44,2,127.53905385769558
overactive,44,3,820.8806450091897
overactive,44,4,976.5937312910476
overactive,44,5,977.4159719226797
overactive,45,1,1075.5824278801156
overactive,45,2,159.0438602777934
overactive,45,3,845.544171282042
overactive,45,4,1040.7822967202487
overactive,45,5,1062.83643398867
overactive,46,1,1055.470203555414
overactive,46,2,143.94083435687307
overactive,46,3,824.8085348434321
overactive,46,4,986.220737977015
overactive,46,5,1009.5598855838143
overactive,47,1,1049.7648629975681
overactive,47,2,152.83192729839783
overactive,47,3,817.9284776745765
overactive,47,4,994.3974513920026
overactive,47,5,1019.0185453057165
overactive,48,1,1073.5741284194241
overactive,48,2,180.11469571799006
overactive,48,3,887.4298117039858
overactive,48,4,1070.4111760651185
overactive,48,5,1046.974202892481
overactive,49,1,1071.4586002496767
overactive,49,2,179.3732878163879
overactive,49,3,897.3805701788193
overactive,49,4,1094.5751639231448
overactive,49,5,1105.6645486307004
overactive,50,1,1047.0890497582363
overactive,50,2,120.47476866562775
overactive,50,3,807.126197016546
overactive,50,4,981.3174537154864
overactive,50,5,1024.908734929681
